Statistic	temporal_lobe_i_squared_statistics	frontal_lobe_i_squared_statistics
count	29492.0	31378.0
mean	26.56355282788553	9.791462170947797
std	35.31915177171745	21.97826898780713
min	0.0	0.0
25%	0.0	0.0
50%	0.0	0.0
75%	62.3	0.0
max	99.0	94.3
